task_id,sprint,week,phase,track,module,task_name,description,assigned_to,complexity,priority,mandays,deliverable
FE-101,Sprint 1 (W1-2),Week 1,Phase 1: Foundation & RBAC,Frontend,UI Framework,"Design System, Shell Layout & Dynamic Role Switcher","Responsive layout, Sidebar, Header, Role Switcher (Admin/Coord/Teacher/Proctor/Student/Parent), core UI components",1x Frontend Engineer,Medium,P0 (Blocker),3,"Global Layout, Role Switcher & Atomic UI Kit"
BE-101,Sprint 1 (W1-2),Week 1,Phase 1: Foundation & RBAC,Backend,Database & Architecture,"PostgreSQL Schema, Models & Migration Pipeline","Database schema for Tenants, Academic Hierarchy, Users, Roles, Permissions, Accommodations, indexing and constraints",1x Backend Engineer,High,P0 (Blocker),3,PostgreSQL Schema & Prisma/ORM Models
FE-102,Sprint 1 (W1-2),Week 1,Phase 1: Foundation & RBAC,Frontend,Authentication,Multi-Role Login & ERP Seamless SSO Portal,"Email/Password & Student PIN login forms, Seamless ERP 1-Click SSO Launch receiver (JWT/LTI 1.3), role route guards, auto-refresh tokens",1x Frontend Engineer,Medium,P0 (Blocker),2,"Login Views, ERP SSO Receiver, Role Guards"
BE-102,Sprint 1 (W1-2),Week 1,Phase 1: Foundation & RBAC,Backend,Authentication,"JWT Auth, ERP SSO Handshake & JIT Provisioning","Endpoints for native login, ERP Signed Launch Token validator, Just-In-Time (JIT) student/staff auto-provisioning, and RBAC middleware",1x Backend Engineer,High,P0 (Blocker),3,"Auth REST APIs, ERP SSO Handshake & JIT Provisioner"
QA-101,Sprint 1 (W1-2),Week 1-2,Phase 1 & 2 QA,QA & Testing,Test Architecture,Test Environment Setup & Auth/Academic Test Cases,"Setup automated test framework (Playwright/Postman), write test suites for Auth, RBAC permissions, and Academic CRUD APIs",1x QA Engineer,Medium,P0 (Blocker),10,Automated Test Suite for Auth & Core APIs
FE-103,Sprint 1 (W1-2),Week 2,Phase 1: Foundation & RBAC,Frontend,Academic Master Data,Academic Hierarchy & User Roster Management UI,"CRUD screens for Academic Years, Classes, Divisions, Subjects, Chapters, and Student roster with Accommodations modal",1x Frontend Engineer,Medium,P0 (Blocker),2,Academic Structure & User Views
BE-103,Sprint 1 (W1-2),Week 2,Phase 1: Foundation & RBAC,Backend,Academic Services,Academic Hierarchy & Roster CRUD APIs,"REST endpoints for Academic structure, Teacher allocations, Student roster, Accommodations, and CSV bulk import",1x Backend Engineer,Medium,P0 (Blocker),2,Academic & User CRUD REST APIs
FE-201,Sprint 1 (W1-2),Week 2,Phase 2: Question Bank,Frontend,Question Bank,Question Bank Explorer & Multi-Type Authoring UI,"Question explorer with hierarchy filter, authoring for MCQ, One-word, Short/Long, Essay with KaTeX formulas and rubrics",1x Frontend Engineer,High,P0 (Blocker),3,Question Bank Explorer & Authoring Studio
BE-201,Sprint 1 (W1-2),Week 2,Phase 2: Question Bank,Backend,Question Bank,"Question Bank Storage, Search & Randomizer APIs","Question schemas, full-text search, subject/chapter filtering, bulk CSV question import, and dynamic random question pool selector",1x Backend Engineer,High,P0 (Blocker),2,Question Bank API Suite & Randomizer
FE-301,Sprint 2 (W3-4),Week 3-4,Phase 3: Exam Wizard,Frontend,Exam Creation,7-Step Exam Creation Wizard (Pool + PDF Upload),"Step 1 (Basic info), Step 2 (Recipients), Step 3 (Academic mapping), Step 4 (Source), Step 5 (Marks matrix & PDF setup), Step 6 (Controls), Step 7 (Publish)",1x Frontend Engineer,High,P0 (Blocker),6,Complete 7-Step Exam Creation Wizard
BE-301,Sprint 2 (W3-4),Week 3,Phase 3: Exam Wizard,Backend,Exam Engine,"Exam Engine Schemas, CRUD & Multi-Step APIs","Exams, Recipients, Questions, Sections, Security models, validation pipeline, and state machine (Draft -> Scheduled -> Active)",1x Backend Engineer,High,P0 (Blocker),4,Exam Configuration & Scheduler APIs
BE-302,Sprint 2 (W3-4),Week 4,Phase 3: Exam Wizard,Backend,PDF Paper Engine,PDF Question Paper Upload & Section Setup Service,"Multipart PDF upload to S3/GCS, section schema storage (Section A/B/C, max marks, choice rules), and PDF URL signing",1x Backend Engineer,Medium,P0 (Blocker),2,PDF Upload & Section Setup APIs
FE-401,Sprint 2 (W3-4),Week 4,Phase 4: Live Classes,Frontend,Virtual Classroom,Live Classroom UI & Spot Quiz Real-Time Modal,"Teacher video grid/Meet embed, attendance list, 1-click spot quiz trigger, live response bar chart, student quiz popup",1x Frontend Engineer,High,P1 (High),4,Live Classroom & Spot Quiz Overlay UI
BE-401,Sprint 2 (W3-4),Week 4,Phase 4: Live Classes,Backend,WebSockets,Live Class Signaling & Spot Quiz Redis Collector,"WebSocket gateway for classroom events (join/leave/chat), attendance heartbeat tracker, and sub-second in-memory spot quiz collector",1x Backend Engineer,High,P1 (High),4,Classroom WebSocket Gateway & Spot Quiz Engine
QA-102,Sprint 2 (W3-4),Week 3-4,Phase 3 & 4 QA,QA & Testing,Exam & Class Testing,"Exam Creation Flow, PDF Parsing & Live WS Testing","Validate 7-step wizard validations, marks matching, PDF uploads, recipient assignments, WebRTC signaling & spot quiz broadcast latency",1x QA Engineer,High,P0 (Blocker),10,Exam Wizard & Live Class QA Verification Report
FE-501,Sprint 3 (W5-6),Week 5,Phase 5: Student Exam,Frontend,Pre-Exam Check,Student Pre-Exam System Readiness Check Wizard,"4-Step Pre-check: Cam & Mic check, AI Face identification, Network ping/bandwidth test, Fullscreen & exam rules acknowledgement",1x Frontend Engineer,High,P0 (Blocker),3,System Readiness Check Wizard View
BE-501,Sprint 3 (W5-6),Week 5,Phase 5: Student Exam,Backend,Session Security,Student Session Init & Encrypted Token Generator,"Time window & eligibility verification, device readiness logging, reference selfie storage, and tamper-proof session token generator",1x Backend Engineer,Medium,P0 (Blocker),2,Student Session Init & Token Service
FE-502,Sprint 3 (W5-6),Week 5-6,Phase 5: Student Exam,Frontend,Exam Interface,Secure Exam Lockdown Workspace & Palette,"Locked-down Fullscreen UI, Tab switch detector, accommodations countdown timer, Question Palette (Answered/Review/Unanswered), auto-save sync",1x Frontend Engineer,High,P0 (Blocker),4,Locked-Down Exam Interface & Question Palette
BE-502,Sprint 3 (W5-6),Week 5-6,Phase 5: Student Exam,Backend,Auto-Save Engine,Resilient Auto-Save Pipeline & Auto-Submit Daemon,"Redis keystroke buffer, batch flush to Postgres every 10s, S3 attachment uploads, server-side timer daemon to auto-close expired exams",1x Backend Engineer,High,P0 (Blocker),4,Fault-Tolerant Auto-Save & Auto-Close Daemon
FE-601,Sprint 3 (W5-6),Week 6,Phase 6: Proctoring,Frontend,Live Proctoring,Invigilator Live Monitoring Grid & Alert Drawer,"Tile grid of student webcams, risk score color badges (0-100), quick actions (warn, pause, terminate), malpractice violation timeline",1x Frontend Engineer,High,P0 (Blocker),3,Invigilator Monitoring Grid & Alerts UI
BE-601,Sprint 3 (W5-6),Week 6,Phase 6: Proctoring,Backend,Proctoring Bus,Telemetry Ingestion Bus & Dynamic Risk Scoring Engine,"WebSockets (/proctor-feed), telemetry event parser (tab switch, face lost, multi-face), 0-100 risk scoring algorithm, S3 snapshot vault",1x Backend Engineer,High,P0 (Blocker),4,Real-time Telemetry & Risk Scoring Service
QA-103,Sprint 3 (W5-6),Week 5-6,Phase 5 & 6 QA,QA & Testing,Security & Exam Testing,"Exam Lockdown, Auto-Save Stress Test & Proctoring Simulation","Simulate network dropouts during exam, verify offline answer recovery, test tab-switch traps, simulate 50+ proctor telemetry events simultaneously",1x QA Engineer,High,P0 (Blocker),10,Resilience & Security Test Sign-off Report
FE-701,Sprint 4 (W7-8),Week 7,Phase 7: Evaluation,Frontend,Grading Workspace,Teacher Evaluation Dashboard & PDF Annotation Canvas,"Submission queue, blind grading mode (mask PII), side-by-side rubric grading, and interactive PDF digital pen annotation tool",1x Frontend Engineer,High,P0 (Blocker),4,Evaluation Dashboard & PDF Grading Canvas
BE-701,Sprint 4 (W7-8),Week 7,Phase 7: Evaluation,Backend,Auto & Manual Grading,Auto-Grading Worker & Vector Annotation Storage APIs,"Auto-eval worker for MCQ & One-Word, manual rubric grading APIs, blind evaluation PII masking, vector JSON pen annotation storage",1x Backend Engineer,High,P0 (Blocker),4,Auto-Grading & Manual Evaluation APIs
FE-702,Sprint 4 (W7-8),Week 7-8,Phase 7: Result Approval,Frontend,Approval Workflow,4-Tier Result Approval & Moderation UI,"Progress steps (Eval Done -> Teacher Review -> Coordinator Sign-Off -> Published), Grace marks / formula runner, Official Publish action",1x Frontend Engineer,Medium,P0 (Blocker),2,4-Tier Result Approval & Moderation Views
BE-702,Sprint 4 (W7-8),Week 7-8,Phase 7: Result Approval,Backend,Approval Engine,4-Tier Approval State Machine & Moderation Processor,"State machine transitions, grace mark processor, grade computation, coordinator signature verification, and immutable sign-off logs",1x Backend Engineer,High,P0 (Blocker),3,Result Approval State Machine Engine
FE-801,Sprint 4 (W7-8),Week 8,Phase 8: Reports & Portals,Frontend,Scorecards & Reports,Student/Parent Scorecards & ERP Sync Status Dashboard,"Student/Parent report cards, topic mastery radar charts, question review modal, and ERP Gradebook Sync Status view with manual retry triggers",1x Frontend Engineer,Medium,P1 (High),4,Scorecard Portals & ERP Sync Status Dashboard
BE-801,Sprint 4 (W7-8),Week 8,Phase 8: Reports & Portals,Backend,Reports & ERP,"Batch PDF Generator, ERP Gradebook Sync & LTI 1.3 AGS","PDF report card generator (Puppeteer/PDFKit), multi-channel notification dispatcher, Bi-directional School ERP Sync webhook adapter, and LTI 1.3 Assignment & Grade Service stub",1x Backend Engineer,High,P1 (High),3,"PDF Generator, ERP Sync Adapter & LTI 1.3 AGS"
QA-104,Sprint 4 (W7-8),Week 7-8,Phase 7 & 8 QA,QA & Testing,Regression & Launch,"Full End-to-End Regression, Security Pentest & UAT Sign-Off","Full end-to-end regression of entire exam cycle, OWASP security checks, load testing evaluation submission spikes, and User Acceptance Testing sign-off",1x QA Engineer,High,P0 (Blocker),10,Final QA Production Release Sign-Off
